customer_id,first_name,last_name,email,phone,address,city,state,zip_code,registration_date
CUST0001,William,Stewart,leecorey@moore.com,(891)981-1882x4895,"8974 Underwood Mission Apt. 062, Lake Jenniferland, NJ 05928",Lake Amyshire,Maryland,22264,11-06-2025
CUST0002,George,Calderon,zharris@crawford.com,001-892-081-4816x9542,"38682 Gonzales Station Suite 566, Gwendolynview, ME 23710",Ericborough,Nebraska,85534,29-06-2023
CUST0003,Joel,Parrish,oguzman@burch.org,6766602650,"40023 Kristine Route, Vanessaport, NM 18739",South Emmaville,New Hampshire,66110,31-01-2024
CUST0004,Amy,Morse,tylersullivan@nguyen-wallace.com,001-958-628-5213x2800,"PSC 0867, Box 7437, APO AA 66424",Fitzpatrickmouth,North Carolina,45851,28-11-2024
CUST0005,Aaron,Brown,zmooney@allen.org,(562)427-2380x28900,"220 Gomez Ferry Suite 713, New Johnathan, TX 75492",Ryanfort,Louisiana,98069,21-06-2025
CUST0006,Lori,Morales,markkelley@becker.com,001-763-727-8197,"9253 Samantha Cape Suite 696, Schneidershire, NJ 67499",Walkershire,Louisiana,37849,17-05-2024
CUST0007,Tracy,Gutierrez,nicholsnicole@reyes.com,001-715-364-7490x63311,"PSC 7524, Box 0487, APO AP 43907",Port Mitchellhaven,Oregon,70790,26-06-2024
CUST0008,Wesley,Graham,dylan14@rice.net,(858)521-2928,"190 Thomas Junction, North Jeffreymouth, KY 96998",West Christopher,Mississippi,31157,29-03-2024
CUST0009,Lucas,Obrien,allison90@roberts.com,(158)237-1731,"125 Johnson Isle, Smithview, AK 35219",Williamschester,New York,79345,04-01-2024
CUST0010,Wayne,Flores,hollyburgess@hotmail.com,730-226-6888,"840 Charles Mission Suite 798, Port Evelyn, VT 92913",Santosmouth,Hawaii,10468,22-07-2024
CUST0011,Austin,Contreras,sreyes@lewis.info,001-637-755-2274x4659,"74388 Candice Isle Apt. 687, Barnesland, PA 07149",Kellifort,Ohio,82465,08-09-2024
CUST0012,Michael,Long,myersjesse@leon.biz,(933)342-4774x064,"73612 Jessica Terrace Suite 225, Port Randybury, NY 48818",Lake Stephanie,Virginia,58886,01-07-2024
CUST0013,Andre,Allen,mirandapearson@green.org,863.477.1875,"852 Lopez Village Suite 207, Port Victoriashire, OK 57775",New Billy,Minnesota,10183,03-04-2025
CUST0014,Traci,Johnson,ballsergio@hotmail.com,+1-589-876-6566x2873,"29116 Chen Lane, East Briannaburgh, NM 35111",Andersenchester,Arkansas,43016,07-11-2023
CUST0015,Scott,Haas,jessicasutton@hotmail.com,+1-345-994-9172x8419,"3638 Alvarado Run, New Bonnieton, UT 60493",Leebury,Iowa,16928,18-02-2025
CUST0016,Austin,Mueller,david97@smith.com,+1-189-592-6639x98749,"848 Frederick Points, New Becky, ME 29267",Robinsonhaven,California,37523,10-08-2024
CUST0017,Connie,Estrada,elijahbell@willis.com,8860281470,"26755 George Corner Apt. 076, Ritaside, DC 31691",Rosemouth,Nevada,82793,19-06-2025
CUST0018,Jamie,Rodriguez,lolson@yahoo.com,569-165-1178,"783 Proctor Spurs, Adamborough, NM 84309",Port Corychester,New Jersey,24515,13-01-2024
CUST0019,Jennifer,Medina,mooremegan@hotmail.com,(364)748-8874,"441 Lowe Road Apt. 977, Whiteheadmouth, NJ 16120",Nicholasland,Kansas,3491,12-12-2023
CUST0020,Vanessa,Jacobs,melissaayala@gmail.com,639-203-2169,"Unit 6333 Box 0327, DPO AA 37880",Millerport,North Carolina,57127,30-12-2023
CUST0021,Emily,Thompson,samuelbrooks@jones.com,+1-490-831-1182x896,"91232 Kara Locks, Josephchester, MS 92302",Port Martin,Louisiana,36427,24-04-2024
CUST0022,Jacqueline,Stewart,sanchezashley@bishop.org,(813)143-2855x640,"19507 Elizabeth Trafficway, New Shane, MS 90914",West Connie,Alaska,8561,19-08-2023
CUST0023,Kayla,Scott,dthompson@yahoo.com,(345)858-1603,"574 Adams Corners Suite 929, South Jessicabury, MD 28232",Hoganland,New Mexico,67660,17-03-2025
CUST0024,Brandon,White,lwashington@gmail.com,048.568.6835,"426 Susan Port Apt. 291, Hodgeview, NC 80358",South Mitchellport,Minnesota,54762,13-12-2023
CUST0025,Tonya,Barton,kimberlyrobles@brewer.com,802-291-8446,"PSC 7080, Box 4022, APO AP 16314",South Kristineton,Ohio,79224,18-07-2023
CUST0026,Shane,Jones,robertwilliams@hill-edwards.com,942.388.9038x722,"266 Anthony Lock Apt. 703, Lake Albertstad, MO 24031",West Christopher,Nebraska,39580,22-08-2023
CUST0027,Alexander,Edwards,hodgeanthony@gmail.com,001-834-500-3504x941,"44836 Tamara Stream, Lisamouth, AR 09785",East Amyton,Idaho,29266,15-08-2023
CUST0028,Yolanda,Armstrong,jesus90@mueller.com,819.056.1487x995,"6792 Derek Locks, Lake Anthony, NV 08046",Tannerstad,Missouri,52996,04-01-2025
CUST0029,Kimberly,Gonzalez,destinysmith@hotmail.com,(726)012-3372x303,"462 Jones Flat, Jesseville, SC 29508",Lake Lawrence,Pennsylvania,4315,05-01-2025
CUST0030,Daniel,Hutchinson,cruzmichael@ramirez.com,(216)455-1679x80710,"USCGC Mcintosh, FPO AA 10459",Evansview,West Virginia,50433,27-12-2024
CUST0031,Alyssa,Carpenter,lpeterson@yahoo.com,572.106.9701x2375,"185 Jacqueline Port Apt. 258, North Joshuahaven, KY 79759",Padillamouth,Minnesota,28192,27-02-2024
CUST0032,Danny,Garcia,ywalker@adams.com,3799722062,"134 Brown Locks, Port Frederick, LA 48609",South Brian,California,98595,13-02-2025
CUST0033,Bradley,Johnson,zcontreras@edwards.com,001-147-860-2937,"085 Sheila Fork, Jenniferberg, PA 03137",Angelicaport,New York,74748,02-01-2025
CUST0034,Diana,Mcmahon,hernandezdavid@chavez.com,(708)137-1526x5937,"190 Katherine Loop, Port Tracytown, PA 29478",Harrisport,New Hampshire,87522,11-02-2025
CUST0035,Elizabeth,Page,diazdawn@yahoo.com,001-725-427-4644x341,"879 Long Highway, Donaldberg, SC 00661",Cynthiaside,Maine,28552,10-05-2024
CUST0036,John,Roberts,bridgetmiles@baker-lopez.com,855.164.0147x5521,"46988 Erin Glen, Williamshire, WY 87033",Andreastad,Indiana,10706,20-10-2024
CUST0037,Keith,Wright,littlekellie@gmail.com,(093)504-6214x9316,"7772 Fernando Valleys, West Dianeville, VA 88934",South Samuel,Maryland,64961,23-02-2024
CUST0038,Jamie,Nolan,georgewong@humphrey.com,186.840.3826,"USCGC Knight, FPO AP 65513",Lake Ryan,New Hampshire,67357,20-11-2024
CUST0039,Brittany,Martinez,timothyjarvis@anderson.info,(094)286-9320,"729 Taylor Fall, Smithtown, MA 49915",Lake Emilyport,Maine,29349,15-09-2023
CUST0040,Cassandra,Haynes,andrew51@sullivan.biz,3476571930,"915 Williams Oval Suite 288, South Maryberg, OR 02107",Elizabethfort,Wyoming,70533,24-09-2023
CUST0041,Jennifer,Wilson,kaitlin69@hotmail.com,526.313.6533x4440,"78498 Hernandez Stream Suite 205, Sandersmouth, IL 82609",Fostershire,Colorado,28369,14-09-2023
CUST0042,Kayla,Anderson,robinramirez@williams.info,036-313-9074,"2922 Bradley Stream, Fleminghaven, DC 03253",Campbellfurt,Idaho,61999,08-06-2025
CUST0043,Thomas,Robinson,douglassalinas@wagner-montoya.com,(496)202-1138x428,"7797 Patterson Motorway Apt. 391, Martinezfurt, NE 82801",Larashire,New Hampshire,74779,15-08-2023
CUST0044,Lauren,Bowman,daltonmatthew@hotmail.com,(609)675-7416,"9881 George Forges, Newmanburgh, WV 34676",Barrtown,Georgia,32753,05-12-2023
CUST0045,Brittany,Kane,david11@yahoo.com,(622)458-9580,"47504 Martinez Locks Suite 175, Michaelberg, AZ 49693",Kathleenstad,Tennessee,39043,06-07-2023
CUST0046,David,Lang,robertsmith@hotmail.com,086.528.5970x07899,"3232 Nicholas Ferry Apt. 112, Lisaville, VT 08259",Walkertown,Maryland,94626,05-10-2024
CUST0047,Timothy,Wagner,charles16@maddox.info,572-010-5372x2294,"PSC 1453, Box 5727, APO AP 83591",Christianview,Florida,75172,04-10-2023
CUST0048,Derrick,Washington,irichardson@hotmail.com,(167)795-9433,"03868 Alfred Harbor, Jessicaport, OK 85057",South Nicole,Wyoming,54783,09-06-2025
CUST0049,Gregory,Thompson,johnsoncheryl@johnson.biz,265-252-4289,"04074 Steele Field Suite 491, Michaelbury, MS 42681",Tomport,Georgia,44815,14-09-2023
CUST0050,Alex,Haynes,whiteangela@coffey.org,(490)263-9061,"2003 Graham Lodge, New Tammyburgh, IN 96092",Port Lori,New York,5785,28-12-2024
CUST0051,Kenneth,Wright,xmiller@hill.net,835-289-9054x798,"68444 Smith Creek, Jacobfort, NJ 32043",Christopherside,Texas,75080,20-03-2025
CUST0052,Mark,Graham,paul32@bennett.com,760.681.7047x33930,"353 Watson Fields, Danielbury, MT 50463",Kellyton,Virginia,27803,02-03-2024
CUST0053,Nicholas,Martin,rodriguezjerry@yahoo.com,001-235-494-2208x4526,"USNV Banks, FPO AP 28921",Carmenshire,Texas,29932,09-02-2024
CUST0054,Jennifer,Hensley,wigginsjames@wallace-wood.com,368-336-5287x7835,"971 Jones Locks Apt. 431, Delgadoborough, KY 65014",South Jacob,Colorado,59205,05-11-2023
CUST0055,Nancy,Drake,huntkaren@garcia.org,995-890-5429x990,"11409 Kenneth Valley, New Annetteburgh, KS 69676",Port Angelaburgh,South Carolina,96397,12-01-2025
CUST0056,Shawna,Taylor,yschultz@yahoo.com,001-101-580-4838,"146 Marcus Valley Suite 733, Wilkinsonport, FL 50847",New Carolyn,Nevada,82772,06-07-2023
CUST0057,Barbara,Dickson,kathryn95@cunningham-sharp.com,001-085-886-5738x255,"USS Perez, FPO AA 17894",Webbtown,Delaware,59172,03-08-2023
CUST0058,Jennifer,Hall,shermanallison@moran.com,+1-965-977-4336x09166,"2818 Gordon Locks, East Haley, ME 84438",Fernandezborough,Maryland,72247,10-11-2024
CUST0059,Joe,Russell,anthony65@yahoo.com,001-818-275-4184,"22393 Love Oval, Coxberg, ME 61873",Rodriguezland,Rhode Island,30562,27-03-2025
CUST0060,Kevin,Baker,walter50@hotmail.com,447-961-8009,"8218 Johnson Land Suite 460, Steventon, WY 01199",West Marissa,Vermont,29318,15-08-2024
CUST0061,Judith,Farrell,julie35@padilla-watkins.com,273.932.1336x066,"PSC 1073, Box 2470, APO AP 25162",Hendersonmouth,Washington,7123,16-01-2025
CUST0062,Christopher,Dominguez,cynthia72@hotmail.com,051.805.7352,"91933 Billy Trail, Danielview, TX 45112",Hollowayberg,California,88764,27-03-2024
CUST0063,Bobby,Rose,carolynhatfield@yahoo.com,001-777-179-7972x4902,"334 York Cove, Duncanfort, TN 35189",Port Bryan,Washington,97634,14-10-2023
CUST0064,Steven,Carter,lawrence46@gmail.com,422-135-6682x0888,"1961 Samuel Centers Suite 658, North Brandonville, MN 92250",Aaronmouth,Arizona,28945,19-07-2023
CUST0065,Teresa,Wiggins,ynelson@hernandez.com,001-695-719-1505x13572,"USS Gonzalez, FPO AE 62081",North Timothybury,Nevada,70411,04-02-2025
CUST0066,Matthew,Campbell,shelley30@hill-hoover.com,319.295.0282x414,"31993 Phillips Corners Suite 809, Lake Zachary, UT 00736",Williamland,New Jersey,62630,03-04-2024
CUST0067,Lisa,Lloyd,hhernandez@hotmail.com,9441233958,"1316 Jordan Junction, South Royberg, WY 09743",Tracyton,Washington,35593,09-03-2024
CUST0068,John,Carson,smithjonathan@gmail.com,5796454497,"04606 Wilcox Brooks, Richardmouth, KS 27895",North Josephberg,Illinois,9144,30-03-2025
CUST0069,Joseph,Phillips,amyharris@gmail.com,030.434.9134x641,"258 Michael Roads, Maxwellberg, AK 76357",Lake Lindatown,Indiana,91222,15-10-2024
CUST0070,Melissa,Peterson,tiffanywright@hotmail.com,759-119-1721x541,"91496 Buchanan Dam, South Brian, MA 75185",Port Steven,West Virginia,71380,22-03-2024
CUST0071,Dillon,Flowers,qwells@summers.com,(414)225-3980,"2470 James Shoal Suite 436, Wongchester, SD 55950",West Mariaberg,Massachusetts,83305,01-02-2025
CUST0072,Beth,Perkins,matthew02@gmail.com,(917)767-6483,"4691 Reyes Extension Apt. 334, New Kathy, FL 74751",New Davidtown,New Mexico,96153,06-05-2024
CUST0073,Sheri,Hill,johnsoncrystal@delgado.com,150-031-4068x356,"0036 Madison Vista Suite 931, Port Bradleytown, MN 55260",West William,Alaska,45948,13-07-2023
CUST0074,Jay,Weaver,laurie71@macias.info,4113090831,"89323 Sharon Views Suite 101, North Annette, WV 96989",Mcguirestad,Tennessee,8171,31-08-2024
CUST0075,Cory,Jones,hamiltonrobert@garcia.org,009-064-9256x59758,"9755 Bell Drives, South Daniel, MO 78179",Noahburgh,Tennessee,4073,16-05-2025
CUST0076,Louis,Rodriguez,mitchell74@yahoo.com,808-745-5433x337,"2655 Johnny Extension, Brendanburgh, HI 19369",Mooremouth,Vermont,28560,28-03-2024
CUST0077,Christopher,Daniel,amandamckay@simpson-ryan.com,(149)061-0556x19023,"80735 Jordan View Suite 904, Lake Nicole, WI 55699",North Christineshire,Louisiana,23514,26-03-2025
CUST0078,Courtney,Finley,brogers@gmail.com,(406)805-3181,"907 Susan Drive, Avilaborough, ME 21696",Kristenmouth,Alabama,52894,19-04-2024
CUST0079,Linda,Schmidt,rodriguezcarlos@ryan.com,001-566-149-7924x5994,"3429 Fleming Coves, West Joannamouth, GA 04492",West Angela,Wyoming,53478,22-11-2023
CUST0080,Nicole,Nelson,denisemorton@powell.com,661.632.1666x92810,"9962 Raven Stravenue, Davisstad, KY 80603",Davidhaven,New Hampshire,91785,19-08-2024
CUST0081,Kyle,Solis,carlos30@yahoo.com,(369)474-1182,"661 Patterson Motorway, Peterton, ID 33359",Shermanshire,Indiana,99473,09-07-2024
CUST0082,Kristen,Ramsey,jenniferkramer@norris-rodriguez.com,(683)093-1321x706,"9644 Mullins Lights, Port Davidton, DE 23696",Pamelaberg,Georgia,27742,23-09-2023
CUST0083,Robert,Fisher,margaret39@lester-chan.net,291-748-3466x996,"69059 Tucker Turnpike, Palmerstad, WA 88011",West Christophershire,Washington,9726,30-05-2024
CUST0084,Aaron,Lamb,megan07@haney-rowe.info,+1-157-609-7812x073,"86180 Denise Pass Apt. 613, North Derek, UT 73292",New Annachester,Oregon,61207,19-03-2025
CUST0085,Jody,Johns,dale20@saunders.com,-5391,"962 Hawkins Summit Suite 417, Lake Erinstad, AK 00686",Port Samanthaburgh,New Mexico,3493,19-03-2024
CUST0086,Linda,Leon,baxterdiamond@ford.com,001-084-499-8905x96602,"1257 Amber Mission Suite 764, Santosville, VT 86879",South Christopherland,Oregon,96526,11-10-2024
CUST0087,Amanda,Vargas,sbaker@yahoo.com,(649)969-1569x2636,"7240 Dunn Junction Apt. 327, Port Margaretland, CO 45789",Vincentchester,Florida,30618,28-04-2024
CUST0088,John,Flores,hherman@yahoo.com,001-865-854-1699,"4162 Love Plain, New Eric, MD 67303",Briggsmouth,Florida,25805,12-09-2023
CUST0089,Paul,Hill,mcbridekevin@farmer.com,+1-377-771-4434x17587,"778 Julie Square Apt. 351, Seanton, OK 88371",Lisafurt,Missouri,66311,13-01-2024
CUST0090,Sherry,Simmons,theresa93@hurst.biz,001-610-511-1913x338,"99766 Gerald Vista, Mckinneystad, WV 91615",New Richardberg,North Dakota,39139,12-01-2025
CUST0091,Michael,Thompson,valerie14@chambers.org,001-869-246-9782x540,"817 Monroe Forges Suite 653, East Cherylborough, TN 00884",Lake Ashleyburgh,New York,86288,03-01-2024
CUST0092,Vanessa,Ortega,bellleslie@yahoo.com,854.912.8796,"54853 Kevin Harbor, Alvarezview, MD 34468",Hollandland,Connecticut,76878,24-09-2023
CUST0093,Jesus,Williams,blanchardlisa@hotmail.com,389.418.7442x8921,"8712 Hannah Springs Suite 620, Benjaminport, NE 88927",Davisshire,Arizona,59580,25-04-2025
CUST0094,Zachary,Ford,michelehorn@yahoo.com,256-130-0283x91233,"0215 Michael Neck, New Andrew, LA 76678",South Jennifer,Florida,74490,27-09-2024
CUST0095,Toni,King,beverlysmith@gmail.com,807.904.7472,"813 Matthew Forge, Lake Josephport, TN 23892",South Sarahton,Connecticut,13152,14-12-2024
CUST0096,Ronald,Sanchez,zachary93@li-lopez.biz,(803)850-6885x90085,"957 Adams Radial Suite 894, East Jennifer, CT 50295",Gregoryborough,Montana,54493,27-11-2024
CUST0097,Judy,Ingram,reevessarah@hotmail.com,975.025.2284,"612 Estrada Heights Apt. 548, Michaelfort, ID 06438",Robertsonland,West Virginia,73456,20-06-2024
CUST0098,Nancy,Martin,haydenhunter@lindsey.org,+1-646-057-5508x23722,"63028 Boyer Mountain, New Justinchester, DE 02669",Staceymouth,Missouri,59893,30-08-2023
CUST0099,Jacob,Byrd,rushheather@alvarado.com,775-071-4350,"2368 Ortiz Flat Suite 596, Port Adamland, OH 64849",Valeriestad,Wisconsin,28084,31-10-2024
CUST0100,Mitchell,Foster,farmerkaren@calderon-ferguson.net,685.469.5746,"677 Moreno Glens Apt. 020, West Elizabeth, KY 74103",Garciashire,Nevada,58156,14-06-2024
CUST0101,Lindsay,Salas,ljones@williams-gomez.biz,179-950-4015x707,"6025 Lori Plains Apt. 491, Zacharybury, KY 43650",West Amy,Oklahoma,42211,27-05-2024
CUST0102,Tammie,Huang,antonio88@carr.com,(151)392-1500x8340,"839 Gallagher Flat, North Crystal, AK 75700",Watsonberg,Alabama,67558,23-11-2023
CUST0103,Veronica,Johnson,nicholas03@gmail.com,001-787-963-2417x74453,"56330 Gregory Locks Suite 739, Jessicaton, NV 89762",Lake Jaredview,Minnesota,66282,07-10-2023
CUST0104,Robert,Harrington,powellwendy@berg.com,940-812-3658x21797,"8847 Isabel Station, Port Alexandria, VT 17876",Brandytown,Louisiana,97402,30-11-2024
CUST0105,Jeffrey,Adkins,kristinawiley@salazar-bennett.com,833.757.3253x811,"467 Floyd Center Apt. 365, North Amberfurt, MI 25792",East Michaelview,Arkansas,22951,13-09-2023
CUST0106,Corey,Wu,daviscindy@hotmail.com,+1-864-313-0859x835,"53110 Ramirez Mews Apt. 184, Port Benjamin, AK 44399",Jonathanfort,Vermont,31376,10-04-2025
CUST0107,Marcus,Porter,amandathompson@yahoo.com,5774002484,"2746 Kennedy Point Suite 946, South Jose, OH 06545",Escobarton,Mississippi,53847,18-01-2024
CUST0108,Guy,Browning,mathewmoore@hotmail.com,+1-819-091-4872x7141,"380 Karen Union, North Matthewbury, CT 81240",West Emilybury,Florida,27928,09-06-2025
CUST0109,Christopher,George,tmclaughlin@warren-carpenter.com,001-856-844-0828x59857,"9995 Denise Lock, West Lauren, AZ 40305",Porterfurt,Colorado,64536,26-08-2024
CUST0110,Jonathan,Clark,uhayes@rodriguez.com,(227)821-6715x32540,"474 Antonio Trafficway, North Henry, WI 97039",Freemantown,Texas,32749,28-10-2024
CUST0111,Michelle,Gaines,zhuff@butler.com,1354019013,"578 Sarah Place, Port Zachary, DE 86736",Paulbury,Vermont,62397,04-08-2024
CUST0112,Steven,Cruz,megan52@hotmail.com,001-226-781-3925x38035,"50522 Tracy Plaza, Zacharyburgh, AZ 79247",West Amyview,Michigan,36973,26-12-2024
CUST0113,Tracy,Kelly,wrightdiane@ramirez-decker.org,001-666-207-7583x389,"051 Rhonda Heights, New Danielleton, SD 52959",Sydneyberg,Delaware,82887,15-07-2024
CUST0114,Brandon,Jackson,richardsonreginald@hotmail.com,001-952-375-9792x69882,"09944 Jasmine Ranch, Alexanderland, WA 94550",South Sarah,Maryland,48062,11-12-2023
CUST0115,Christopher,Harrison,cynthiamartin@hotmail.com,918-130-3554,"8142 Robinson Trace, Port Jocelyntown, ID 79037",South Isaiahfort,Indiana,34119,02-07-2023
CUST0116,Kelly,Mckenzie,gregoryjuan@dodson-smith.com,508-852-2275,"PSC 2572, Box 6881, APO AP 12909",New Nicholas,Maine,94863,04-09-2023
CUST0117,Nicole,Skinner,ericalawson@riley.com,8060795510,"2902 Andrea Falls Apt. 573, South Jameston, MN 43369",Woodsview,Wisconsin,57712,20-07-2023
CUST0118,Wanda,Randall,peterbowen@hansen-ramirez.com,001-862-198-7567,"48562 Strickland Fords Suite 280, North Ryanhaven, WA 46142",Estradaside,Nevada,23497,04-01-2024
CUST0119,Ashley,Russell,tayloranne@davis-patton.biz,723-543-2022x855,"30109 John Glen Apt. 937, West Matthewtown, OH 72997",Floresview,Delaware,50430,13-01-2024
CUST0120,Melissa,Roberts,michelle52@hotmail.com,842-580-3169x3938,"4976 Bradley Centers, New Russellhaven, OR 66564",Melissaside,Wisconsin,19701,12-07-2024
CUST0121,Todd,Bryan,peterlambert@davis-shepard.com,(078)718-9412x9642,"074 Garrett Falls, East Patrickview, ID 95379",South Amy,New Mexico,6327,20-10-2023
CUST0122,Heather,Murphy,stevenkelley@davidson.info,201-418-5844x58023,"65988 Ann Course, Kevinview, HI 34871",New Anthonyhaven,California,27018,09-03-2025
CUST0123,James,Thornton,christineyu@yahoo.com,(455)893-3212x3340,"5651 Clinton Mountains, North Brian, NM 79514",New Allenshire,Wisconsin,37480,16-05-2024
CUST0124,Kristen,Gordon,george91@yahoo.com,(176)441-9205x204,"087 Rice Square Suite 350, Wiseview, MN 97899",Heatherberg,Vermont,29044,23-03-2024
CUST0125,Rachel,Collins,faguirre@davies.com,001-329-389-9405x49230,"00001 Jessica Unions Apt. 142, New Eileen, AL 36476",Port Loriport,Arizona,21873,23-06-2024
CUST0126,Gregory,Thompson,asmith@stephens.com,+1-835-541-4753x8190,"25940 Adam Green Suite 707, Trevinoborough, RI 12991",Burnsberg,Virginia,592,09-08-2023
CUST0127,Douglas,Ortiz,igraham@yahoo.com,406.327.0285,"2296 Miller Point, Littleside, MI 45162",Barneston,Nevada,71629,01-09-2024
CUST0128,Justin,Patel,jeremyramirez@hotmail.com,(146)590-4967,"530 Theresa Plain, Barbaraland, LA 68274",West Johnton,Wyoming,58647,30-12-2023
CUST0129,Kathleen,Combs,noahjohnson@moore.biz,(578)663-6757x8522,"556 Hernandez Loaf, Reillychester, NE 33398",East Adrienne,Nebraska,19033,17-12-2024
CUST0130,Deanna,Roberson,ple@snyder-brown.com,519.711.2849x6630,"82335 Campbell Point Suite 375, Micheleborough, ND 62024",Foxfort,New Jersey,92404,02-04-2024
CUST0131,Derek,Rogers,lukegraham@crawford.com,4026435145,"37507 Moody Mews, New Peggy, NM 36067",Stevenmouth,Missouri,34551,30-07-2024
CUST0132,Tammy,Palmer,juarezjohnathan@hotmail.com,+1-910-999-0762x3884,"17701 Lee Village, South Benjamin, CT 34286",Lake Daniel,Vermont,51866,08-07-2024
CUST0133,Michael,Carr,george29@beasley-barnett.com,081.496.9249,"656 Hughes Brooks Suite 558, Garciamouth, CO 74994",East Nicholas,Pennsylvania,94403,01-02-2024
CUST0134,Matthew,Edwards,laura33@davis.net,(703)371-3410x35305,"8464 Richardson Parks Apt. 774, Lopezshire, CO 39796",Lake Amandafort,Louisiana,93361,20-08-2024
CUST0135,Jeffrey,Thornton,kevinrichardson@henry.info,001-104-384-4758x879,"535 Valdez Loaf Suite 317, Port Robertview, ID 71973",Hannahton,North Dakota,50642,13-03-2024
CUST0136,Sara,Thomas,nicolemitchell@hotmail.com,397-235-1006x672,"32208 Singh Passage, South Anthonyton, UT 59106",Kylehaven,North Dakota,33590,22-09-2024
CUST0137,Joseph,Smith,bethany34@yahoo.com,558.916.2231x734,"3901 Oliver Course, North Ryanside, ND 53519",Lake Brian,Alaska,47219,30-10-2023
CUST0138,Rebecca,Scott,michellesmith@gilbert.com,+1-390-154-0915x980,"Unit 6862 Box 4942, DPO AP 75085",North Shirleymouth,Maine,61355,29-03-2025
CUST0139,Julie,Wright,twarner@miller-foley.com,(044)381-3278,"99904 Lisa Overpass, Timothyside, IN 42449",Scottmouth,Oklahoma,13444,16-02-2025
CUST0140,Jeffery,Craig,davidsmith@gmail.com,001-794-062-0880,"80977 Richard Radial Apt. 007, Alberttown, MO 50307",Alanfort,Idaho,9531,22-02-2025
CUST0141,Christopher,Young,jessicadunn@yahoo.com,001-086-674-9027x0073,"1723 Rebecca Points Apt. 526, New Alexisville, NE 66165",Maryton,Louisiana,19931,19-10-2024
CUST0142,Beth,Lawrence,jparrish@young.com,5569522679,"89429 Drake Burg Apt. 498, Ashleyshire, IL 04240",New Jeffrey,North Carolina,77266,30-10-2024
CUST0143,Anthony,Snow,ernestrhodes@peterson.info,480-762-2505,"982 Chase Lights, New Nathanland, MN 34432",Joshualand,Maine,53168,20-02-2025
CUST0144,Tina,Ross,rodney09@gmail.com,001-934-493-1927x207,"577 Cody Loop, North Wendy, ID 28886",Tatehaven,South Carolina,29055,30-05-2025
CUST0145,Rachel,Torres,cindy93@diaz.info,001-982-999-4544x898,"144 Ortiz Squares, Brandonfort, OH 10167",West Barbarachester,Florida,6406,30-06-2023
CUST0146,Anna,Valentine,alexandra33@jones.com,-6391,"090 Campbell Ramp, Hillbury, OH 93809",South Lindaberg,North Dakota,35816,13-03-2025
CUST0147,Alisha,Watson,sheila60@yahoo.com,(959)152-5081x293,"61857 Brown Lane Suite 975, West Richard, NE 73998",Barbarafurt,Virginia,23210,21-06-2025
CUST0148,Mark,Key,nicoleconway@hunter.com,001-907-234-1849x46691,"1893 Hall Way Suite 050, Stacystad, NE 60022",East Ryanton,Nevada,17399,31-01-2025
CUST0149,Eric,Vazquez,whopkins@yahoo.com,262-866-4680x61175,"809 Aaron Key, Princehaven, FL 60459",Lake Carol,Michigan,6028,31-07-2023
CUST0150,Kathryn,Lewis,guerrerocody@gmail.com,1608945847,"02912 Garcia Run Apt. 754, Lake Jason, WV 89270",Port Bethview,Mississippi,81290,02-03-2025
